Workbook

Sheet 📊 Dashboard
A1: 🎯 MY 70-DAY PPP3 LEARNING TRACKER
A2: Daily Schedule · Chapter Progress · Habits · English · Aptitude
A4: 📅 Day | C4: 🔥 Streak | E4: 📖 Chapters Done | G4: ✅ Tasks Done | I4: ⏰ Hours Logged
A5: =COUNTA('📋 Daily Log'!A5:A1000) | C5: =IFERROR('📋 Daily Log'!D2,0) | E5: =COUNTIF('📖 PPP3 Tracker'!E5:E25,"✅ Done") | G5: =COUNTIF('✅ Task List'!F4:F200,"✅ Done") | I5: =IFERROR(SUM('📋 Daily Log'!E5:E1000),0)
A7: 📌 THIS WEEK — DAILY HABITS
A8: Habit | B8: Mon | C8: Tue | D8: Wed | E8: Thu | F8: Fri | G8: Sat | H8: Sun | I8: ✅ Done | J8: / 7
A9: 📖 PPP3 Study | I9: =COUNTIF(B9:H9,"✅") | J9: 7
A10: 💻 Code Practice | I10: =COUNTIF(B10:H10,"✅") | J10: 7
A11: 🏃 Morning Exercise | I11: =COUNTIF(B11:H11,"✅") | J11: 7
A12: 🇬🇧 English (BBC) | I12: =COUNTIF(B12:H12,"✅") | J12: 7
A13: 🧮 Aptitude (10 q) | I13: =COUNTIF(B13:H13,"✅") | J13: 7
A14: 😴 Slept by 10 PM | I14: =COUNTIF(B14:H14,"✅") | J14: 7
A15: 📵 No Social Media | I15: =COUNTIF(B15:H15,"✅") | J15: 7
A16: 📓 Night Journal | I16: =COUNTIF(B16:H16,"✅") | J16: 7
A18: 💬 "The best time to start was years ago. The second best time is TODAY."

Sheet 📅 70-Day Schedule
A1: 📅 70-DAY COMPLETE DAILY SCHEDULE — PPP3 BATTLE PLAN
A2: 🟦 Weekday (College) | 🟨 Sunday (10+ hrs) | 🟩 Holiday (8 hrs) | 🔴 = Critical Chapter · Fill ✅/❌ in Done column daily
A4: Day | B4: Date | C4: Day Type | D4: Chapter Focus | E4: Morning Block 5:30–7:30 AM | F4: College Lunch Break | G4: Evening Block 6:30–9:30 PM | H4: PPP3 Target (hrs) | I4: Exercise ✅/❌ | J4: English ✅/❌ | K4: Aptitude ✅/❌ | L4: Journal ✅/❌ | M4: Done? ✅/❌ | N4: Notes / What I Learned
A5: Day 1 | B5: 03 Mar Tue | C5: 🔷 WEEKDAY 4-5 hrs | D5: Ch 1 — Hello World | E5: PPP3 reading 45 min Type code examples Before college 6:00 AM | F5: Aptitude 10 q (IndiaBix app) | G5: PPP3 exercises 2 hrs English: BBC + Anki Night journal 9:45 PM | H5: 4.5
A6: Day 2 | B6: 04 Mar Wed | C6: 🔷 WEEKDAY 4-5 hrs | D6: Ch 1 — Hello World | E6: PPP3 reading 45 min Type code examples Before college 6:00 AM | F6: Aptitude 10 q (IndiaBix app) | G6: PPP3 exercises 2 hrs English: BBC + Anki Night journal 9:45 PM | H6: 4.5
A7: Day 3 | B7: 05 Mar Thu | C7: 🔷 WEEKDAY 4-5 hrs | D7: Ch 1 — Hello World | E7: PPP3 reading 45 min Type code examples Before college 6:00 AM | F7: Aptitude 10 q (IndiaBix app) | G7: PPP3 exercises 2 hrs English: BBC + Anki Night journal 9:45 PM | H7: 4.5
A8: Day 4 | B8: 06 Mar Fri | C8: 🔷 WEEKDAY 4-5 hrs | D8: Ch 2 — Types & Values | E8: PPP3 reading 45 min Type code examples Before college 6:00 AM | F8: Aptitude 10 q (IndiaBix app) | G8: PPP3 exercises 2 hrs English: BBC + Anki Night journal 9:45 PM | H8: 4.5
A9: Day 5 | B9: 07 Mar Sat | C9: 🔵 SATURDAY 5 hrs | D9: Ch 2 — Types & Values | E9: PPP3 reading 45 min Type code examples Before college | F9: Aptitude 10 q + review notes | G9: PPP3 exercises 3 hrs English BBC article Night journal | H9: 5
A10: Day 6 | B10: 08 Mar Sun | C10: 🟨 SUNDAY 10+ hrs | D10: Ch 2 — Types & Values | E10: PPP3 deep reading 3 hrs — hardest sections Full focus block | F10: Proper rest + Eat (power nap okay) | G10: PPP3 exercises 3 hrs Build chapter project Weekly review + notes | H10: 10
A11: Day 7 | B11: 09 Mar Mon | C11: 🔷 WEEKDAY 4-5 hrs | D11: Ch 2 — Types & Values | E11: PPP3 reading 45 min Type code examples Before college 6:00 AM | F11: Aptitude 10 q (IndiaBix app) | G11: PPP3 exercises 2 hrs English: BBC + Anki Night journal 9:45 PM | H11: 4.5
A12: Day 8 | B12: 10 Mar Tue | C12: 🔷 WEEKDAY 4-5 hrs | D12: Ch 3 — Computation | E12: PPP3 reading 45 min Type code examples Before college 6:00 AM | F12: Aptitude 10 q (IndiaBix app) | G12: PPP3 exercises 2 hrs English: BBC + Anki Night journal 9:45 PM | H12: 4.5
A13: Day 9 | B13: 11 Mar Wed | C13: 🔷 WEEKDAY 4-5 hrs | D13: Ch 3 — Computation | E13: PPP3 reading 45 min Type code examples Before college 6:00 AM | F13: Aptitude 10 q (IndiaBix app) | G13: PPP3 exercises 2 hrs English: BBC + Anki Night journal 9:45 PM | H13: 4.5
A14: Day 10 | B14: 12 Mar Thu | C14: 🔷 WEEKDAY 4-5 hrs | D14: Ch 3 — Computation | E14: PPP3 reading 45 min Type code examples Before college 6:00 AM | F14: Aptitude 10 q (IndiaBix app) | G14: PPP3 exercises 2 hrs English: BBC + Anki Night journal 9:45 PM | H14: 4.5
A15: Day 11 | B15: 13 Mar Fri | C15: 🔷 WEEKDAY 4-5 hrs | D15: Ch 3 — Computation | E15: PPP3 reading 45 min Type code examples Before college 6:00 AM | F15: Aptitude 10 q (IndiaBix app) | G15: PPP3 exercises 2 hrs English: BBC + Anki Night journal 9:45 PM | H15: 4.5
A16: Day 12 | B16: 14 Mar Sat | C16: 🔵 SATURDAY 5 hrs | D16: Ch 3 — Computation | E16: PPP3 reading 45 min Type code examples Before college | F16: Aptitude 10 q + review notes | G16: PPP3 exercises 3 hrs English BBC article Night journal | H16: 5
... A74: Day 70 | B74: 11 May Mon | C74: 🔷 WEEKDAY 4-5 hrs | D74: Ch 17 — Operations | E74: PPP3 reading 45 min Type code examples Before college 6:00 AM | F74: Aptitude 10 q (IndiaBix app) | G74: PPP3 exercises 2 hrs English: BBC + Anki Night journal 9:45 PM | H74: 4.5

Sheet 📋 Daily Log
A1: 📋 DAILY STUDY LOG — Fill Every Night Before Sleep
A2: 🔥 Streak Days: | D2: =COUNTIF(G5:G1000,"✅") | F2: 💡 Tip: Mark ✅ in Full Day? only when ALL 4 study blocks are done
A4: Day | B4: Date | C4: PPP3 (hrs) | D4: Code (hrs) | E4: Total Hrs | F4: Chapter Worked On | G4: Full Day? ✅/❌ | H4: Exercise ✅/❌ | I4: English ✅/❌ | J4: Aptitude ✅/❌ | K4: What I Learned Today
A5: 1 | B5: 03 Mar 2026 | E5: =IFERROR(C5+D5,0)
A6: 2 | B6: 04 Mar 2026 | E6: =IFERROR(C6+D6,0)
A7: 3 | B7: 05 Mar 2026 | E7: =IFERROR(C7+D7,0)
A8: 4 | B8: 06 Mar 2026 | E8: =IFERROR(C8+D8,0)
A9: 5 | B9: 07 Mar 2026 | E9: =IFERROR(C9+D9,0)
A10: 6 | B10: 08 Mar 2026 | E10: =IFERROR(C10+D10,0)
A11: 7 | B11: 09 Mar 2026 | E11: =IFERROR(C11+D11,0)
A12: 8 | B12: 10 Mar 2026 | E12: =IFERROR(C12+D12,0)
A13: 9 | B13: 11 Mar 2026 | E13: =IFERROR(C13+D13,0)
A14: 10 | B14: 12 Mar 2026 | E14: =IFERROR(C14+D14,0)
A15: 11 | B15: 13 Mar 2026 | E15: =IFERROR(C15+D15,0)
A16: 12 | B16: 14 Mar 2026 | E16: =IFERROR(C16+D16,0)
... A94: 90 | B94: 31 May 2026 | E94: =IFERROR(C94+D94,0)

Sheet 📖 PPP3 Tracker
A1: 📖 PPP3 — 21 CHAPTER PROGRESS TRACKER
A2: ✅ Complete: | E2: =COUNTIF(E5:E25,"✅ Done")&" / 21 ("&ROUND(COUNTIF(E5:E25,"✅ Done")/21*100,0)&"%)" | G2: =COUNTIF(E5:E25,"🔄 In Progress")&" chapter(s) in progress"
A4: Part | B4: Ch# | C4: Chapter Title | D4: Key Topics | E4: Status | F4: Start Date | G4: End Date | H4: Exercises Done? / Notes
A5: Part I | B5: Ch 1 | C5: Hello, World! | D5: Programs, compilation, linking | E5: ⏳ Not Started
A6: Part I | B6: Ch 2 | C6: Objects, Types and Values | D6: Variables, types, auto, assignment | E6: ⏳ Not Started
A7: Part I | B7: Ch 3 | C7: Computation | D7: Expressions, statements, functions, vectors | E7: ⏳ Not Started
A8: Part I | B8: Ch 4 | C8: Errors! ⚠️ | D8: Compile errors, exceptions, debugging | E8: ⏳ Not Started
A9: Part I | B9: Ch 5 | C9: Writing a Program ⚠️ | D9: Calculator project — grammar to code | E9: ⏳ Not Started
A10: Part I | B10: Ch 6 | C10: Completing a Program ⚠️ | D10: Error handling, cleanup, finishing calculator | E10: ⏳ Not Started
A11: Part I | B11: Ch 7 | C11: Functions | D11: Scope, declarations, namespaces, modules | E11: ⏳ Not Started
A12: Part I | B12: Ch 8 | C12: Classes | D12: User types, enumerations, operator overloading | E12: ⏳ Not Started
A13: Part II | B13: Ch 9 | C13: I/O Streams | D13: File I/O, error handling, formatting | E13: ⏳ Not Started
A14: Part II | B14: Ch 10 | C14: A Display Model | D14: Graphics, coordinates, shapes | E14: ⏳ Not Started
A15: Part II | B15: Ch 11 | C15: Graphics Classes | D15: Point, Line, Color, Polylines, Text | E15: ⏳ Not Started
A16: Part II | B16: Ch 12 | C16: Class Design | D16: Design principles, base/derived classes | E16: ⏳ Not Started
... A25: Part III | B25: Ch 21 | C25: Algorithms | D25: Sorting, searching, function objects | E25: ⏳ Not Started

Sheet ✅ Task List
A1: ✅ MASTER TASK LIST
A2: =COUNTIF(F4:F200,"✅ Done")&" done | "&COUNTIF(F4:F200,"🔄 In Progress")&" in progress | "&COUNTIF(F4:F200,"⏳ To Do")&" remaining"
A3: # | B3: Category | C3: Task Description | D3: Priority | E3: Due Day | F3: Status | G3: Hrs | H3: Completed | I3: Notes
A4: 1 | B4: 📖 PPP3 | C4: Set up C++ dev environment (VS Code + GCC) | D4: 🔴 High | E4: Day 1 | F4: ⏳ To Do
A5: 2 | B5: 📖 PPP3 | C5: Read Chapter 1 — Hello World fully | D5: 🔴 High | E5: Day 3 | F5: ⏳ To Do | I5: Type every code example
A6: 3 | B6: 📖 PPP3 | C6: Complete ALL Chapter 1 exercises | D6: 🔴 High | E6: Day 3 | F6: ⏳ To Do | I6: Do not skip any
A7: 4 | B7: 📖 PPP3 | C7: Read Chapter 2 — Objects, Types, Values | D7: 🔴 High | E7: Day 7 | F7: ⏳ To Do | I7: Pay attention to auto
A8: 5 | B8: 📖 PPP3 | C8: Complete ALL Chapter 2 exercises | D8: 🔴 High | E8: Day 7 | F8: ⏳ To Do
A9: 6 | B9: 📖 PPP3 | C9: Read Chapter 3 — Computation | D9: 🔴 High | E9: Day 12 | F9: ⏳ To Do
A10: 7 | B10: 📖 PPP3 | C10: Read Chapter 4 — Errors (CRITICAL) | D10: 🔴 High | E10: Day 19 | F10: ⏳ To Do | I10: Extra time here
A11: 8 | B11: 📖 PPP3 | C11: Build Chapter 5-6 Calculator Project | D11: 🔴 High | E11: Day 33 | F11: ⏳ To Do | I11: Most important project
A12: 9 | B12: 📖 PPP3 | C12: Complete Part I — Chapters 1 to 8 | D12: 🔴 High | E12: Day 42 | F12: ⏳ To Do
A13: 10 | B13: 📖 PPP3 | C13: Complete Part II — Chapters 9 to 14 | D13: 🔴 High | E13: Day 59 | F13: ⏳ To Do
A14: 11 | B14: 📖 PPP3 | C14: Read Chapter 15 — Pointers and Memory (CRITICAL) | D14: 🔴 High | E14: Day 64 | F14: ⏳ To Do | I14: Do not rush
A15: 12 | B15: 📖 PPP3 | C15: Read Chapter 16 — Arrays and References (CRITICAL) | D15: 🔴 High | E15: Day 67 | F15: ⏳ To Do
A16: 13 | B16: 📖 PPP3 | C16: Complete Chapter 17 — Essential Operations | D16: 🔴 High | E16: Day 70 | F16: ⏳ To Do
A17: 14 | B17: 🏃 Habits | C17: Start morning walk — 20 min daily | D17: 🔴 High | E17: Day 1 | F17: ⏳ To Do | I17: Non-negotiable
A18: 15 | B18: 🏃 Habits | C18: Set phone grayscale mode | D18: 🟡 Medium | E18: Day 1 | F18: ⏳ To Do | I18: Settings > Accessibility
A19: 16 | B19: 🏃 Habits | C19: Install One Sec app — social media control | D19: 🟡 Medium | E19: Day 1 | F19: ⏳ To Do
A20: 17 | B20: 🏃 Habits | C20: Start night journal — 3 things every night | D20: 🟡 Medium | E20: Day 1 | F20: ⏳ To Do
A21: 18 | B21: 🏃 Habits | C21: Sleep before 10:00 PM every night | D21: 🔴 High | E21: Day 1 | F21: ⏳ To Do | I21: Brain stores learning during sleep
A22: 19 | B22: 🇬🇧 English | C22: Bookmark BBC Learning English website | D22: 🟡 Medium | E22: Day 1 | F22: ⏳ To Do | I22: bbclearningenglish.com
A23: 20 | B23: 🇬🇧 English | C23: Install Anki app — 10 words per day | D23: 🟡 Medium | E23: Day 2 | F23: ⏳ To Do
A24: 21 | B24: 🇬🇧 English | C24: Write 5 English sentences every evening | D24: 🟡 Medium | E24: Day 3 | F24: ⏳ To Do | I24: About what you learned
A25: 22 | B25: 🧮 Aptitude | C25: Create IndiaBix account — indiabix.com | D25: 🟡 Medium | E25: Day 1 | F25: ⏳ To Do | I25: Free, best for placement
A26: 23 | B26: 🧮 Aptitude | C26: Complete Priority 1 aptitude topics | D26: 🔴 High | E26: Day 30 | F26: ⏳ To Do | I26: Numbers, %, profit/loss
A27: 24 | B27: 🧮 Aptitude | C27: Complete Priority 2 aptitude topics | D27: 🔴 High | E27: Day 60 | F27: ⏳ To Do | I27: Ratios, interest, averages
A28: 25 | B28: 👥 Community | C28: Join r/learnprogramming Reddit | D28: 🟢 Low | E28: Day 7 | F28: ⏳ To Do | I28: Just read at first
A29: 26 | B29: 👥 Community | C29: Ask first PPP3 question online | D29: 🟢 Low | E29: Day 14 | F29: ⏳ To Do | I29: After Chapter 1 complete
A30: 27 | B30: ☕ Java Prep | C30: Understand OOP in C++ before Java class | D30: 🔴 High | E30: Day 70 | F30: ⏳ To Do | I30: PPP3 Ch 8 is the key

Sheet 🇬🇧 English & Aptitude
A1: 🇬🇧 ENGLISH & APTITUDE DAILY LOG
A2: =COUNTA(D4:D1000)-COUNTBLANK(D4:D1000)&" total words learned | "&IFERROR(ROUND(AVERAGE(I4:I1000),1),0)&" avg aptitude score"
A3: Date | B3: Day# | C3: BBC Article ✅/❌ | D3: New Words Learned | E3: Anki Review ✅/❌ | F3: Sentences Written | G3: Aptitude Topic | H3: Questions Done | I3: Score (x/10)
A4: 03 Mar 2026 | B4: 1
A5: 04 Mar 2026 | B5: 2
A6: 05 Mar 2026 | B6: 3
A7: 06 Mar 2026 | B7: 4
A8: 07 Mar 2026 | B8: 5
A9: 08 Mar 2026 | B9: 6
A10: 09 Mar 2026 | B10: 7
A11: 10 Mar 2026 | B11: 8
A12: 11 Mar 2026 | B12: 9
A13: 12 Mar 2026 | B13: 10
A14: 13 Mar 2026 | B14: 11
A15: 14 Mar 2026 | B15: 12
... A73: 11 May 2026 | B73: 70

Sheet 📘 How to Use
A1: 📘 HOW TO USE THIS TRACKER — READ FIRST
A4: 📅 70-Day Schedule
A5: This is your MAIN sheet. Open it every morning. It shows exactly what to do each hour of the day — morning before college, lunch break at college, and evening after college. Fill ✅ or ❌ in the 5 checkbox columns every night. Yellow rows = Sunday (10+ hrs). Green rows = Holiday (8 hrs).
A7: 📊 Dashboard
A8: Your overview page. Fill the weekly habit grid with ✅ every evening. Check your streak counter — protect this number every day. Review every Sunday night before planning the next week.
A10: 📋 Daily Log
A11: Fill every single night before sleep. Log PPP3 hours, coding hours, and mark habits. Write one sentence about what you learned today in the Notes column. The Total Hours formula calculates automatically.
A13: 📖 PPP3 Tracker
A14: Track all 21 chapters. Update status the moment you complete a chapter. Add start and end date. Write which exercises you finished in the Notes column. Never mark Done unless ALL exercises are complete.
A16: ✅ Task List
A17: Your complete to-do list. Change status from To Do to In Progress to Done. Add your own tasks at the bottom rows. Update the Due Day column as you plan.
A19: 🇬🇧 English & Aptitude
... A28: 6. Update the Roadmap sheet once a month. Big picture keeps you going when daily work feels slow.
